file_name,barcode.num,id,sequence,adapter
IonXpress_01,barcode 1,P01,CTAAGGTAAC,GAT
IonXpress_02,barcode 2,P02,TAAGGAGAAC,GAT
IonXpress_03,barcode 3,P03,AAGAGGATTC,GAT
IonXpress_04,barcode 4,P04,TACCAAGATC,GAT
IonXpress_05,barcode 5,P05,CAGAAGGAAC,GAT
IonXpress_06,barcode 6,P06,CTGCAAGTTC,GAT
IonXpress_07,barcode 7,P07,TTCGTGATTC,GAT
IonXpress_08,barcode 8,P08,TTCCGATAAC,GAT
IonXpress_09,barcode 9,P09,TGAGCGCAAC,GAT
IonXpress_10,barcode 10,P10,CTGACCGTAC,GAT
IonXpress_11,barcode 11,P11,TCCACGTATC,GAT
IonXpress_12,barcode 12,P12,TAGGTGGTTC,GAT
IonXpress_13,barcode 13,P13,TCTAACGGAC,GAT
IonXpress_14,barcode 14,P14,TAGGAGTGTC,GAT
IonXpress_15,barcode 15,P15,TCTAGAGGTC,GAT
IonXpress_16,barcode 16,P16,TCTGGATGAC,GAT
IonXpress_17,barcode 17,P17,TCTATTCGTC,GAT
IonXpress_18,barcode 18,P18,AGGTAATTGC,GAT
IonXpress_19,barcode 19,P19,TTAGTCGGAC,GAT
IonXpress_20,barcode 20,P20,CAGATCCATC,GAT
IonXpress_21,barcode 21,P21,TCGCAATTAC,GAT
IonXpress_22,barcode 22,P22,TTCGTGACGC,GAT
IonXpress_23,barcode 23,P23,TGCCACGAAC,GAT
IonXpress_24,barcode 24,P24,AACCTCATTC,GAT
IonXpress_25,barcode 25,P25,CCTGAGATAC,GAT
IonXpress_26,barcode 26,P26,TTACAACCTC,GAT
IonXpress_27,barcode 27,P27,AACCATCGGC,GAT
IonXpress_28,barcode 28,P28,ATCTGGAATC,GAT
IonXpress_29,barcode 29,P29,TCGACCACTC,GAT
IonXpress_30,barcode 30,P30,CGAGGTTATC,GAT
IonXpress_31,barcode 31,P31,TCCAAGCTGC,GAT
IonXpress_32,barcode 32,P32,TCTTACACAC,GAT
IonXpress_33,barcode 33,P33,TTCTCATTGAAC,GAT
IonXpress_34,barcode 34,P34,TCGCATCGTTC,GAT
IonXpress_35,barcode 35,P35,TAAGCCATTGTC,GAT
IonXpress_36,barcode 36,P36,AAGGAATCGTC,GAT
IonXpress_37,barcode 37,P37,CTTGAGAATGTC,GAT
IonXpress_38,barcode 38,P38,TGGAGGACGGAC,GAT
IonXpress_39,barcode 39,P39,TAACAATCGGC,GAT
IonXpress_40,barcode 40,P40,CTGACATAATC,GAT
IonXpress_41,barcode 41,P41,TTCCAGTTCGC,GAT
IonXpress_42,barcode 42,P42,AGCACGTATC,GAT
IonXpress_43,barcode 43,P43,CTTGACACTGC,GAT
IonXpress_44,barcode 44,P44,TTGGACGCTAGC,GAT
IonXpress_45,barcode 45,P45,TGGAGCTACCTC,GAT
IonXpress_46,barcode 46,P46,TCAGTGCGAAC,GAT
IonXpress_47,barcode 47,P47,TAAGGCAACCAC,GAT
IonXpress_48,barcode 48,P48,TTCTAAGAGAC,GAT
