index,id_str,sequence,annotation,adapter
96,IonXpress_096,TTAAGCGGTC,,GAT
95,IonXpress_095,CGGACAGATC,,GAT
94,IonXpress_094,TCCGACAAGC,,GAT
93,IonXpress_093,CTTGTCCAATC,,GAT
92,IonXpress_092,CTAGGAACCGC,,GAT
91,IonXpress_091,CGGAAGGATGC,,GAT
90,IonXpress_090,CTAACCACGGC,,GAT
89,IonXpress_089,TCCTGAATCTC,,GAT
88,IonXpress_088,CCGAACACTTC,,GAT
87,IonXpress_087,TTGGCTGGAC,,GAT
86,IonXpress_086,CTTGGTTATTC,,GAT
85,IonXpress_085,CCAGCCTCAAC,,GAT
84,IonXpress_084,CTTCCATAAC,,GAT
83,IonXpress_083,CTAGGACATTC,,GAT
82,IonXpress_082,TTGGCATCTC,,GAT
81,IonXpress_081,CCTGCCATTCGA,,GAT
80,IonXpress_080,TCGAAGGCAGGC,,GAT
79,IonXpress_079,CCTGGTTGTC,,GAT
78,IonXpress_078,CAGCCAATTCTC,,GAT
77,IonXpress_077,CGAAGCGATTC,,GAT
76,IonXpress_076,CGGAAGAACCTC,,GAT
75,IonXpress_075,TCAGGAATAC,,GAT
74,IonXpress_074,CGATAGGTTC,,GAT
73,IonXpress_073,TCTGCCTGTC,,GAT
72,IonXpress_072,CGAAGGCCACAC,,GAT
71,IonXpress_071,TGAGGCTCCGAC,,GAT
70,IonXpress_070,CCTACTGGTC,,GAT
69,IonXpress_069,TTCAATTGGC,,GAT
68,IonXpress_068,TCAAGAAGTTC,,GAT
67,IonXpress_067,TTCCTACCAGTC,,GAT
66,IonXpress_066,CCGCAATCATC,,GAT
65,IonXpress_065,TCCTGGCACATC,,GAT
64,IonXpress_064,TCGAGTTCCGAC,,GAT
63,IonXpress_063,CCTTAGAGTTC,,GAT
62,IonXpress_062,TTCCTGCTTCAC,,GAT
61,IonXpress_061,TCACTCGGATC,,GAT
60,IonXpress_060,TCTAGCTCTTC,,GAT
59,IonXpress_059,TCCTTGATGTTC,,GAT
58,IonXpress_058,TCCTAGAACAC,,GAT
57,IonXpress_057,TCTGGCAACGGC,,GAT
56,IonXpress_056,CAGCATTAATTC,,GAT
55,IonXpress_055,TCCACCTCCTC,,GAT
54,IonXpress_054,CCGGAGAATCAC,,GAT
53,IonXpress_053,CTGGCAATCCTC,,GAT
52,IonXpress_052,CCGCATGGAAC,,GAT
51,IonXpress_051,TTGAGCCTATTC,,GAT
50,IonXpress_050,CGGACAATGGC,,GAT
49,IonXpress_049,TCCTAACATAAC,,GAT
