bc_id,bc_sequence
Fwd_BC01,ACAGATATTGGA
Fwd_BC02,ACTGGTTGAGTC
Fwd_BC03,ATCCTCAGTAGT
Fwd_BC04,ACTACTAAGGAA
Fwd_BC05,TAGTATAGACAG
Fwd_BC06,CTTCAAGATTTC
Fwd_BC07,GTGTTGCAGCAT
Fwd_BC08,GAACTGTATCTC
Fwd_BC09,TCTTGCATGTAT
Fwd_BC10,TTCTGCACTAAG
Fwd_BC11,CTTAGCACATCA
Fwd_BC12,ATGGTCTACTAC
Rev_BC101,CTTACACCAAGT
Rev_BC102,ACAGACCACTCA
Rev_BC103,GAATTATTGTTC
Rev_BC104,ACGTTTAATAAG
Rev_BC105,ACCAATCAAATC
Rev_BC106,GTCACTTTGACA
Rev_BC107,ACTAATACATAG
Rev_BC108,TACTCATACTCA
Rev_BC109,TGCTGAACCATT
Rev_BC110,CTAAGTAAGAGT
Rev_BC111,GCAAACTCTCGA
Rev_BC112,GATTATGGATTA
Rev_BC113,GTTTCTAGAGCT
Rev_BC114,TATTCGTGTCAG
Rev_BC115,CAGTGAAGATGC
Rev_BC116,ACTGAATAACGA
Rev_BC117,CACTCTGATTAG
Rev_BC118,TAATTACAGAGT
Rev_BC119,CACCTATGATTG
Rev_BC120,CAGATCCATTAC
Rev_BC121,TGGCTTGTTCAA
Rev_BC122,TTGAGAACATAT
Rev_BC123,AGTCGTTTATGC
Rev_BC124,CAGTTGGTCTGA
